<toolSet name="External Tools">
  <tool name="XLog" description="XLog日志解析" showInMainMenu="false" showInEditor="false" showInProject="false" showInSearchPopup="false" disabled="false" useConsole="true" showConsoleOnStdOut="true" showConsoleOnStdErr="true" synchronizeAfterRun="true">
    <exec>
      <option name="COMMAND" value="C:\Python27\python.exe" />
      <option name="PARAMETERS" value="C:\Python27\xlog.py $FileClass$" />
      <option name="WORKING_DIRECTORY" value="$ProjectFileDir$/xlog" />
    </exec>
  </tool>
  <tool name="Install" description="adb install Apk" showInMainMenu="false" showInEditor="false" showInProject="false" showInSearchPopup="false" disabled="false" useConsole="true" showConsoleOnStdOut="false" showConsoleOnStdErr="false" synchronizeAfterRun="true">
    <exec>
      <option name="COMMAND" value="D:\develop\Android\android-sdk-windows-14\platform-tools\adb.exe" />
      <option name="PARAMETERS" value="install -r $FileName$" />
      <option name="WORKING_DIRECTORY" value="$FileDir$" />
    </exec>
  </tool>
  <tool name="UploadFtp" showInMainMenu="false" showInEditor="false" showInProject="false" showInSearchPopup="false" disabled="false" useConsole="true" showConsoleOnStdOut="false" showConsoleOnStdErr="false" synchronizeAfterRun="true">
    <exec>
      <option name="COMMAND" value="C:\Program Files\Git\git-bash.exe" />
      <option name="PARAMETERS" value="$ProjectFileDir$/scripts/upload_ftp.sh $FileDir$/$FileName$" />
      <option name="WORKING_DIRECTORY" value="$ProjectFileDir$/scripts/" />
    </exec>
  </tool>
  <tool name="Assemble" showInMainMenu="false" showInEditor="false" showInProject="false" showInSearchPopup="false" disabled="false" useConsole="false" showConsoleOnStdOut="false" showConsoleOnStdErr="false" synchronizeAfterRun="true">
    <exec>
      <option name="COMMAND" value="C:\Program Files\Git\git-bash.exe" />
      <option name="PARAMETERS" value="$ProjectFileDir$/scripts/assemble.sh app:assemble$Prompt$" />
      <option name="WORKING_DIRECTORY" value="$ProjectFileDir$" />
    </exec>
  </tool>
  <tool name="AssembleDebug" description="生成Debug包" showInMainMenu="false" showInEditor="false" showInProject="false" showInSearchPopup="false" disabled="false" useConsole="true" showConsoleOnStdOut="false" showConsoleOnStdErr="false" synchronizeAfterRun="true">
    <exec>
      <option name="COMMAND" value="C:\Program Files\Git\git-bash.exe" />
      <option name="PARAMETERS" value="$ProjectFileDir$/scripts/assemble.sh app:assemble$Prompt$debug" />
      <option name="WORKING_DIRECTORY" value="$ProjectFileDir$" />
    </exec>
  </tool>
  <tool name="AssembleRelease" showInMainMenu="false" showInEditor="false" showInProject="false" showInSearchPopup="false" disabled="false" useConsole="true" showConsoleOnStdOut="false" showConsoleOnStdErr="false" synchronizeAfterRun="true">
    <exec>
      <option name="COMMAND" value="C:\Program Files\Git\git-bash.exe" />
      <option name="PARAMETERS" value="$ProjectFileDir$/scripts/assemble.sh app:assemble$Prompt$release" />
      <option name="WORKING_DIRECTORY" value="$ProjectFileDir$" />
    </exec>
  </tool>
  <tool name="ApkZMailTestDebug" showInMainMenu="false" showInEditor="false" showInProject="false" showInSearchPopup="false" disabled="false" useConsole="true" showConsoleOnStdOut="false" showConsoleOnStdErr="false" synchronizeAfterRun="true">
    <exec>
      <option name="COMMAND" value="C:\Program Files\Git\git-bash.exe" />
      <option name="PARAMETERS" value="$ProjectFileDir$/scripts/assemble.sh app:assemblezmailtestdebug" />
      <option name="WORKING_DIRECTORY" value="$ProjectFileDir$" />
    </exec>
  </tool>
</toolSet>