<toolSet name="NDK">
  <tool name="javah" description="javah" showInMainMenu="false" showInEditor="false" showInProject="false" showInSearchPopup="false" disabled="false" useConsole="true" showConsoleOnStdOut="true" showConsoleOnStdErr="false" synchronizeAfterRun="true">
    <exec>
      <option name="COMMAND" value="$JDKPath$\bin\javah.exe" />
      <option name="PARAMETERS" value="-classpath . -jni -o $ModuleFileDir$/src/main/jni/$Prompt$ $FileClass$" />
      <option name="WORKING_DIRECTORY" value="$ModuleFileDir$/src/main/Java" />
    </exec>
  </tool>
  <tool name="javap" description="自动生成签名" showInMainMenu="false" showInEditor="false" showInProject="false" showInSearchPopup="false" disabled="false" useConsole="true" showConsoleOnStdOut="true" showConsoleOnStdErr="false" synchronizeAfterRun="true">
    <exec>
      <option name="COMMAND" value="$JDKPath$\bin\javap.exe" />
      <option name="PARAMETERS" value="-s $FileClass$" />
      <option name="WORKING_DIRECTORY" value="$OutputPath$" />
    </exec>
  </tool>
  <tool name="ndk-build" description="ndk-build" showInMainMenu="false" showInEditor="false" showInProject="false" showInSearchPopup="false" disabled="false" useConsole="true" showConsoleOnStdOut="false" showConsoleOnStdErr="false" synchronizeAfterRun="true">
    <exec>
      <option name="COMMAND" value="D:\develop\Android\android-ndk-r16b-windows-x86_64\android-ndk-r16b\ndk-build.cmd" />
      <option name="PARAMETERS" />
      <option name="WORKING_DIRECTORY" value="$ProjectFileDir$/app/src/main" />
    </exec>
  </tool>
</toolSet>