<application>
  <component name="FileTypeManager" version="17">
    <extensionMap>
      <mapping pattern="url" type="PLAIN_TEXT" />
      <mapping pattern="dec" type="PLAIN_TEXT" />
      <mapping pattern="DEFAULT" type="PLAIN_TEXT" />
      <mapping pattern="qassemble" type="PLAIN_TEXT" />
      <mapping pattern="UNIT" type="PLAIN_TEXT" />
      <mapping pattern="moveiCenter" type="PLAIN_TEXT" />
      <mapping ext="transformexception" type="PLAIN_TEXT" />
      <mapping ext="mk" type="PLAIN_TEXT" />
      <mapping ext="list" type="PLAIN_TEXT" />
      <mapping ext="ftl" type="PLAIN_TEXT" />
    </extensionMap>
  </component>
</application>