<keymap version="1" name="Default copy" parent="$default">
  <action id="ActivateLogcatToolWindow">
    <keyboard-shortcut first-keystroke="alt 6" />
  </action>
  <action id="ActivateTODOToolWindow" />
  <action id="AddToFavoritesPopup" />
  <action id="CheckinProject" />
  <action id="ConsoleView.ClearAll">
    <keyboard-shortcut first-keystroke="ctrl k" />
  </action>
  <action id="FindInPath">
    <keyboard-shortcut first-keystroke="shift alt f" />
    <keyboard-shortcut first-keystroke="shift ctrl f" />
  </action>
  <action id="NewClass">
    <keyboard-shortcut first-keystroke="alt n" />
  </action>
  <action id="NewDir">
    <keyboard-shortcut first-keystroke="alt f" />
  </action>
  <action id="NewFile">
    <keyboard-shortcut first-keystroke="alt e" />
  </action>
  <action id="RevealIn">
    <keyboard-shortcut first-keystroke="alt d" />
  </action>
  <action id="UpdateRunningApplication" />
  <action id="android.deploy.ApplyChanges">
    <keyboard-shortcut first-keystroke="ctrl f10" />
  </action>
  <action id="android.deploy.CodeSwap">
    <keyboard-shortcut first-keystroke="ctrl alt f10" />
  </action>
</keymap>